id,tradeName,phone,email
1,TradeCo,1234567890,tradeco@gmail.com
2,BizCorp,2345678901,bizcorp@gmail.com
3,CompuSoft,3456789012,compusoft@gmail.com
4,WebWorks,4567890123,webworks@gmail.com
5,NetNinja,5678901234,netninja@gmail.com
6,DataDyne,6789012345,datadyne@gmail.com
7,InfoInnovate,7890123456,infoinnovate@gmail.com
8,TechTitan,8901234567,techtitan@gmail.com
9,DigiDynamo,9012345678,digidynamo@gmail.com
10,PixelPioneer,0123456789,pixelpioneer@gmail.com
